pdb_path,pdb_index,aatype,total_reward,af2folding_avg_ipsae,af2folding_avg_ipsae_10,af2folding_avg_ipsae_10_log,af2folding_avg_ipsae_log,af2folding_con,af2folding_con_log,af2folding_dgram_cce,af2folding_dgram_cce_log,af2folding_exp_res,af2folding_exp_res_log,af2folding_fape,af2folding_fape_log,af2folding_hard_log,af2folding_i_con,af2folding_i_con_log,af2folding_i_pae,af2folding_i_pae_log,af2folding_i_ptm_log,af2folding_loss_log,af2folding_max_ipsae,af2folding_max_ipsae_10,af2folding_max_ipsae_10_log,af2folding_max_ipsae_log,af2folding_min_ipae,af2folding_min_ipae_log,af2folding_min_ipsae,af2folding_min_ipsae_10,af2folding_min_ipsae_10_log,af2folding_min_ipsae_log,af2folding_models_log,af2folding_pae,af2folding_pae_log,af2folding_plddt,af2folding_plddt_log,af2folding_ptm_log,af2folding_recycles_log,af2folding_rmsd,af2folding_rmsd_log,af2folding_seq_ent,af2folding_seq_ent_log,af2folding_seqid_log,af2folding_soft_log,af2folding_temp_log,sample_type,metadata_tag
/work/T-REX/external/Proteina-Complexa/inference/search_binder_local_pipeline_32_PDL1_ALPHA_REPACK_v7_r002_cand_v7r002_hyp_0002_00_001_a9a82d1587b79/job_0_n_184_id_0_bon_orig0_r0/job_0_n_184_id_0_bon_orig0_r0.pdb,0,"2,0,13,16,19,16,19,14,11,3,10,18,19,19,6,18,7,15,2,12,16,9,6,4,11,13,14,19,6,11,5,10,3,10,0,0,10,9,19,18,17,6,12,6,3,11,2,9,9,5,13,19,8,7,6,6,3,10,11,19,5,8,15,15,18,1,5,1,0,1,10,10,11,3,5,10,15,10,7,2,0,0,10,5,9,16,3,19,11,10,5,3,0,7,19,18,1,4,12,9,15,18,7,7,0,3,18,11,1,9,16,19,11,19,2,0,10,11,15,18,6,10,9,6,10,16,9,6,10,7,11,1,10,11,11,19,1,6,3,11,7,10,16,5,5,0,19,0,3,0,9,7,10,15,5,15,16,9,15,5,9,6,15,7,15,9,9,14,15,10,6,16,10,10,11,19,10,1,18,10,6,6,15,6,0,0,0,0,0,0,0,0,0,0,0,0,0,0,0,0,0,0,0,0,0,0,0,0,0,0,0,0,0,0,0,0,0,0,0,0,0,0,0,0,0,0,0,0,0,0,0,0,0,0,0,0",-0.4844813,0.04398881,0.013983077,0.013983077,0.04398881,1.8395816,1.8395816,192.57729,192.57729,0.0027387089,0.0027387089,113.25942,113.25942,0.0,3.752936,3.752936,0.4844813,0.4844813,0.27260363,-0.4844813,0.048493873,0.015831932,0.015831932,0.048493873,0.28422573,0.28422573,0.039483745,0.012134222,0.012134222,0.039483745,0.0,0.3457917,0.3457917,0.20224409,0.7977559,0.66063315,3.0,13.921239,13.921239,0.0,0.0,1.0,1.0,1.0,final,bon_orig0_r0
/work/T-REX/external/Proteina-Complexa/inference/search_binder_local_pipeline_32_PDL1_ALPHA_REPACK_v7_r002_cand_v7r002_hyp_0002_00_001_a9a82d1587b79/job_0_n_184_id_1_bon_orig0_r1/job_0_n_184_id_1_bon_orig0_r1.pdb,1,"2,0,13,16,19,16,19,14,11,3,10,18,19,19,6,18,7,15,2,12,16,9,6,4,11,13,14,19,6,11,5,10,3,10,0,0,10,9,19,18,17,6,12,6,3,11,2,9,9,5,13,19,8,7,6,6,3,10,11,19,5,8,15,15,18,1,5,1,0,1,10,10,11,3,5,10,15,10,7,2,0,0,10,5,9,16,3,19,11,10,5,3,0,7,19,18,1,4,12,9,15,18,7,7,0,3,18,11,1,9,16,19,11,19,2,0,5,0,18,13,2,1,7,2,0,18,13,2,10,1,1,18,3,10,0,9,6,3,18,16,6,19,9,6,15,6,11,0,15,3,3,10,11,0,11,0,18,15,2,1,15,10,0,18,12,0,10,2,1,3,6,10,0,6,11,3,11,6,6,0,6,1,10,0,0,0,0,0,0,0,0,0,0,0,0,0,0,0,0,0,0,0,0,0,0,0,0,0,0,0,0,0,0,0,0,0,0,0,0,0,0,0,0,0,0,0,0,0,0,0,0,0,0,0,0,0",-0.36567795,0.11767651,0.07137792,0.07137792,0.11767651,1.1895815,1.1895815,186.03893,186.03893,0.0020643885,0.0020643885,44.019405,44.019405,0.0,3.147337,3.147337,0.36567795,0.36567795,0.4228937,-0.36567795,0.1421815,0.07979342,0.07979342,0.1421815,0.19677608,0.19677608,0.09317152,0.062962405,0.062962405,0.09317152,0.0,0.2522979,0.2522979,0.1354701,0.8645299,0.7124231,3.0,4.3846507,4.3846507,0.0,0.0,1.0,1.0,1.0,final,bon_orig0_r1
/work/T-REX/external/Proteina-Complexa/inference/search_binder_local_pipeline_32_PDL1_ALPHA_REPACK_v7_r002_cand_v7r002_hyp_0002_00_001_a9a82d1587b79/job_0_n_184_id_2_bon_orig0_r2/job_0_n_184_id_2_bon_orig0_r2.pdb,2,"2,0,13,16,19,16,19,14,11,3,10,18,19,19,6,18,7,15,2,12,16,9,6,4,11,13,14,19,6,11,5,10,3,10,0,0,10,9,19,18,17,6,12,6,3,11,2,9,9,5,13,19,8,7,6,6,3,10,11,19,5,8,15,15,18,1,5,1,0,1,10,10,11,3,5,10,15,10,7,2,0,0,10,5,9,16,3,19,11,10,5,3,0,7,19,18,1,4,12,9,15,18,7,7,0,3,18,11,1,9,16,19,11,19,2,0,15,10,16,0,6,5,11,6,1,0,2,5,9,9,5,6,19,5,11,3,14,6,11,0,6,11,10,1,6,9,5,15,10,10,12,7,11,11,9,16,19,11,6,0,9,16,1,13,9,11,6,10,11,10,15,6,6,3,0,11,10,19,19,5,10,10,0,7,0,0,0,0,0,0,0,0,0,0,0,0,0,0,0,0,0,0,0,0,0,0,0,0,0,0,0,0,0,0,0,0,0,0,0,0,0,0,0,0,0,0,0,0,0,0,0,0,0,0,0,0",-0.2009715,0.36664653,0.36664653,0.36664653,0.36664653,1.443771,1.443771,165.00171,165.00171,0.0014023746,0.0014023746,26.391832,26.391832,0.0,2.3712888,2.3712888,0.2009715,0.2009715,0.709386,-0.2009715,0.4125405,0.4125405,0.4125405,0.4125405,0.08939317,0.08939317,0.32075253,0.32075253,0.32075253,0.32075253,0.0,0.15419489,0.15419489,0.09524192,0.9047581,0.8331441,3.0,1.9932367,1.9932367,0.0,0.0,1.0,1.0,1.0,final,bon_orig0_r2
/work/T-REX/external/Proteina-Complexa/inference/search_binder_local_pipeline_32_PDL1_ALPHA_REPACK_v7_r002_cand_v7r002_hyp_0002_00_001_a9a82d1587b79/job_0_n_184_id_3_bon_orig0_r3/job_0_n_184_id_3_bon_orig0_r3.pdb,3,"2,0,13,16,19,16,19,14,11,3,10,18,19,19,6,18,7,15,2,12,16,9,6,4,11,13,14,19,6,11,5,10,3,10,0,0,10,9,19,18,17,6,12,6,3,11,2,9,9,5,13,19,8,7,6,6,3,10,11,19,5,8,15,15,18,1,5,1,0,1,10,10,11,3,5,10,15,10,7,2,0,0,10,5,9,16,3,19,11,10,5,3,0,7,19,18,1,4,12,9,15,18,7,7,0,3,18,11,1,9,16,19,11,19,2,0,11,15,3,9,6,0,1,19,11,6,10,0,6,9,0,10,11,2,14,5,0,16,6,6,3,1,8,2,10,5,9,19,19,3,11,14,15,19,9,7,4,19,19,10,0,2,13,10,1,11,9,7,1,6,3,10,0,11,6,19,6,6,10,0,6,11,10,11,0,0,0,0,0,0,0,0,0,0,0,0,0,0,0,0,0,0,0,0,0,0,0,0,0,0,0,0,0,0,0,0,0,0,0,0,0,0,0,0,0,0,0,0,0,0,0,0,0,0,0,0",-0.5072657,0.037737854,0.012905475,0.012905475,0.037737854,1.530177,1.530177,234.75365,234.75365,0.0018733082,0.0018733082,89.44421,89.44421,0.0,3.613431,3.613431,0.5072657,0.5072657,0.25770372,-0.5072657,0.03841078,0.013739215,0.013739215,0.03841078,0.2835759,0.2835759,0.03706493,0.012071735,0.012071735,0.03706493,0.0,0.34928852,0.34928852,0.1957161,0.8042839,0.65621805,3.0,4.953187,4.953187,0.0,0.0,1.0,1.0,1.0,final,bon_orig0_r3
/work/T-REX/external/Proteina-Complexa/inference/search_binder_local_pipeline_32_PDL1_ALPHA_REPACK_v7_r002_cand_v7r002_hyp_0002_00_001_a9a82d1587b79/job_0_n_236_id_0_bon_orig1_r0/job_0_n_236_id_0_bon_orig1_r0.pdb,4,"2,0,13,16,19,16,19,14,11,3,10,18,19,19,6,18,7,15,2,12,16,9,6,4,11,13,14,19,6,11,5,10,3,10,0,0,10,9,19,18,17,6,12,6,3,11,2,9,9,5,13,19,8,7,6,6,3,10,11,19,5,8,15,15,18,1,5,1,0,1,10,10,11,3,5,10,15,10,7,2,0,0,10,5,9,16,3,19,11,10,5,3,0,7,19,18,1,4,12,9,15,18,7,7,0,3,18,11,1,9,16,19,11,19,2,0,2,0,13,16,19,16,19,14,11,3,10,18,19,19,6,18,7,15,2,12,16,9,6,4,11,13,14,19,6,11,5,10,3,10,0,0,10,9,19,18,17,6,12,6,3,11,2,9,9,5,13,19,8,7,6,6,3,10,11,19,5,8,15,15,18,1,5,1,0,1,10,10,11,3,5,10,15,10,7,2,0,0,10,5,9,16,3,19,11,10,5,3,0,7,19,18,1,4,12,9,15,18,7,7,0,3,18,11,1,9,16,19,11,19,2,0,8,8,8,8",-0.5219264,0.056651086,0.012841431,0.012841431,0.056651086,1.3654807,1.3654807,208.08005,208.08005,0.033946615,0.033946615,83.045784,83.045784,0.0,3.9287534,3.9287534,0.5219264,0.5219264,0.27724096,-0.5219264,0.058111403,0.013287298,0.013287298,0.058111403,0.28372627,0.28372627,0.055190764,0.012395565,0.012395565,0.055190764,0.0,0.31904298,0.31904298,0.15597469,0.8440253,0.5918604,3.0,3.7865572,3.7865572,0.0,0.0,1.0,1.0,1.0,final,bon_orig1_r0
/work/T-REX/external/Proteina-Complexa/inference/search_binder_local_pipeline_32_PDL1_ALPHA_REPACK_v7_r002_cand_v7r002_hyp_0002_00_001_a9a82d1587b79/job_0_n_236_id_1_bon_orig1_r1/job_0_n_236_id_1_bon_orig1_r1.pdb,5,"2,0,13,16,19,16,19,14,11,3,10,18,19,19,6,18,7,15,2,12,16,9,6,4,11,13,14,19,6,11,5,10,3,10,0,0,10,9,19,18,17,6,12,6,3,11,2,9,9,5,13,19,8,7,6,6,3,10,11,19,5,8,15,15,18,1,5,1,0,1,10,10,11,3,5,10,15,10,7,2,0,0,10,5,9,16,3,19,11,10,5,3,0,7,19,18,1,4,12,9,15,18,7,7,0,3,18,11,1,9,16,19,11,19,2,0,13,16,19,16,19,14,11,3,10,18,19,19,6,18,7,15,2,12,16,9,6,4,11,13,14,19,6,11,5,10,3,10,0,0,10,9,19,18,17,6,12,6,3,11,2,9,9,5,13,19,8,7,6,6,3,10,11,19,5,8,15,15,18,1,5,1,0,1,10,10,11,3,5,10,15,10,7,2,0,0,10,5,9,16,3,19,11,10,5,3,0,7,19,18,1,4,12,9,15,18,7,7,0,3,18,11,1,9,16,19,11,19,2,0,14,3,13,10,8,5",-0.5566682,0.034547884,0.011531191,0.011531191,0.034547884,1.3893821,1.3893821,212.82259,212.82259,0.023202736,0.023202736,82.06735,82.06735,0.0,4.009084,4.009084,0.5566682,0.5566682,0.25173825,-0.5566682,0.037978943,0.0120564625,0.0120564625,0.037978943,0.31768164,0.31768164,0.031116823,0.0110059185,0.0110059185,0.031116823,0.0,0.3379336,0.3379336,0.15812369,0.8418763,0.5785223,3.0,4.4671206,4.4671206,0.0,0.0,1.0,1.0,1.0,final,bon_orig1_r1
/work/T-REX/external/Proteina-Complexa/inference/search_binder_local_pipeline_32_PDL1_ALPHA_REPACK_v7_r002_cand_v7r002_hyp_0002_00_001_a9a82d1587b79/job_0_n_236_id_2_bon_orig1_r2/job_0_n_236_id_2_bon_orig1_r2.pdb,6,"2,0,13,16,19,16,19,14,11,3,10,18,19,19,6,18,7,15,2,12,16,9,6,4,11,13,14,19,6,11,5,10,3,10,0,0,10,9,19,18,17,6,12,6,3,11,2,9,9,5,13,19,8,7,6,6,3,10,11,19,5,8,15,15,18,1,5,1,0,1,10,10,11,3,5,10,15,10,7,2,0,0,10,5,9,16,3,19,11,10,5,3,0,7,19,18,1,4,12,9,15,18,7,7,0,3,18,11,1,9,16,19,11,19,2,0,0,13,16,19,16,19,14,11,3,10,18,19,19,6,18,7,15,2,12,16,9,6,4,11,13,14,19,6,11,5,10,3,10,0,0,10,9,19,18,17,6,12,6,3,11,2,9,9,5,13,19,8,7,6,6,3,10,11,19,5,8,15,15,18,1,5,1,0,1,10,10,11,3,5,10,15,10,7,2,0,0,10,5,9,16,3,19,11,10,5,3,0,7,19,18,1,4,12,9,15,18,7,7,0,3,18,11,1,9,16,19,11,19,2,0,14,6,19,10,14",-0.5535388,0.03508249,0.011597958,0.011597958,0.03508249,1.3447622,1.3447622,211.42245,211.42245,0.014461624,0.014461624,72.85634,72.85634,0.0,4.0105057,4.0105057,0.5535388,0.5535388,0.25203007,-0.5535388,0.037947826,0.012215832,0.012215832,0.037947826,0.31509316,0.31509316,0.032217152,0.010980085,0.010980085,0.032217152,0.0,0.33088443,0.33088443,0.14835237,0.8516476,0.5826326,3.0,3.4579694,3.4579694,0.0,0.0,1.0,1.0,1.0,final,bon_orig1_r2
/work/T-REX/external/Proteina-Complexa/inference/search_binder_local_pipeline_32_PDL1_ALPHA_REPACK_v7_r002_cand_v7r002_hyp_0002_00_001_a9a82d1587b79/job_0_n_236_id_3_bon_orig1_r3/job_0_n_236_id_3_bon_orig1_r3.pdb,7,"2,0,13,16,19,16,19,14,11,3,10,18,19,19,6,18,7,15,2,12,16,9,6,4,11,13,14,19,6,11,5,10,3,10,0,0,10,9,19,18,17,6,12,6,3,11,2,9,9,5,13,19,8,7,6,6,3,10,11,19,5,8,15,15,18,1,5,1,0,1,10,10,11,3,5,10,15,10,7,2,0,0,10,5,9,16,3,19,11,10,5,3,0,7,19,18,1,4,12,9,15,18,7,7,0,3,18,11,1,9,16,19,11,19,2,0,0,13,16,19,16,19,14,11,3,10,18,19,19,6,18,7,15,2,12,16,9,6,4,11,13,14,19,6,11,5,10,3,10,0,0,10,9,19,18,17,6,12,6,3,11,2,9,9,5,13,19,8,7,6,6,3,10,11,19,5,8,15,15,18,1,5,1,0,1,10,10,11,3,5,10,15,10,7,2,0,0,10,5,9,16,3,19,11,10,5,3,0,7,19,18,1,4,12,9,15,18,7,7,0,3,18,11,1,9,16,19,11,19,2,0,11,0,18,19,14",-0.54455805,0.041378655,0.011959532,0.011959532,0.041378655,1.3370204,1.3370204,210.25029,210.25029,0.008737972,0.008737972,73.90682,73.90682,0.0,3.9914773,3.9914773,0.54455805,0.54455805,0.25924456,-0.54455805,0.043625254,0.011996089,0.011996089,0.043625254,0.30258647,0.30258647,0.039132055,0.011922975,0.011922975,0.039132055,0.0,0.3261692,0.3261692,0.14697097,0.853029,0.58663327,3.0,3.0721817,3.0721817,0.0,0.0,1.0,1.0,1.0,final,bon_orig1_r3
/work/T-REX/external/Proteina-Complexa/inference/search_binder_local_pipeline_32_PDL1_ALPHA_REPACK_v7_r002_cand_v7r002_hyp_0002_00_001_a9a82d1587b79/job_0_n_230_id_0_bon_orig2_r0/job_0_n_230_id_0_bon_orig2_r0.pdb,8,"2,0,13,16,19,16,19,14,11,3,10,18,19,19,6,18,7,15,2,12,16,9,6,4,11,13,14,19,6,11,5,10,3,10,0,0,10,9,19,18,17,6,12,6,3,11,2,9,9,5,13,19,8,7,6,6,3,10,11,19,5,8,15,15,18,1,5,1,0,1,10,10,11,3,5,10,15,10,7,2,0,0,10,5,9,16,3,19,11,10,5,3,0,7,19,18,1,4,12,9,15,18,7,7,0,3,18,11,1,9,16,19,11,19,2,0,16,19,16,19,14,11,3,10,18,19,19,6,18,7,15,2,12,16,9,6,4,11,13,14,19,6,11,5,10,3,10,0,0,10,9,19,18,17,6,12,6,3,11,2,9,9,5,13,19,8,7,6,6,3,10,11,19,5,8,15,15,18,1,5,1,0,1,10,10,11,3,5,10,15,10,7,2,0,0,10,5,9,16,3,19,11,10,5,3,0,7,19,18,1,4,12,9,15,18,7,7,0,3,18,11,1,9,16,19,11,19,2,0,14,0,0,0,0,0,0",-0.5398357,0.037066467,0.011528775,0.011528775,0.037066467,1.3011222,1.3011222,211.54883,211.54883,0.0021585007,0.0021585007,69.36107,69.36107,0.0,3.9444966,3.9444966,0.5398357,0.5398357,0.24921972,-0.5398357,0.039437048,0.011760335,0.011760335,0.039437048,0.3125005,0.3125005,0.03469589,0.011297216,0.011297216,0.03469589,0.0,0.31940728,0.31940728,0.13894378,0.8610562,0.580412,3.0,3.2084754,3.2084754,0.0,0.0,1.0,1.0,1.0,final,bon_orig2_r0
/work/T-REX/external/Proteina-Complexa/inference/search_binder_local_pipeline_32_PDL1_ALPHA_REPACK_v7_r002_cand_v7r002_hyp_0002_00_001_a9a82d1587b79/job_0_n_230_id_1_bon_orig2_r1/job_0_n_230_id_1_bon_orig2_r1.pdb,9,"2,0,13,16,19,16,19,14,11,3,10,18,19,19,6,18,7,15,2,12,16,9,6,4,11,13,14,19,6,11,5,10,3,10,0,0,10,9,19,18,17,6,12,6,3,11,2,9,9,5,13,19,8,7,6,6,3,10,11,19,5,8,15,15,18,1,5,1,0,1,10,10,11,3,5,10,15,10,7,2,0,0,10,5,9,16,3,19,11,10,5,3,0,7,19,18,1,4,12,9,15,18,7,7,0,3,18,11,1,9,16,19,11,19,2,0,16,19,16,19,14,11,3,10,18,19,19,6,18,7,15,2,12,16,9,6,4,11,13,14,19,6,11,5,10,3,10,0,0,10,9,19,18,17,6,12,6,3,11,2,9,9,5,13,19,8,7,6,6,3,10,11,19,5,8,15,15,18,1,5,1,0,1,10,10,11,3,5,10,15,10,7,2,0,0,10,5,9,16,3,19,11,10,5,3,0,7,19,18,1,4,12,9,15,18,7,7,0,3,18,11,1,9,16,19,11,19,2,0,14,0,0,0,0,0,0",-0.5360943,0.038511544,0.011861679,0.011861679,0.038511544,1.2981286,1.2981286,199.36162,199.36162,0.0021947387,0.0021947387,63.710876,63.710876,0.0,3.9273388,3.9273388,0.5360943,0.5360943,0.25260878,-0.5360943,0.04094819,0.012187939,0.012187939,0.04094819,0.3081971,0.3081971,0.036074903,0.011535419,0.011535419,0.036074903,0.0,0.31730413,0.31730413,0.13825954,0.86174047,0.5822501,3.0,5.7788334,5.7788334,0.0,0.0,1.0,1.0,1.0,final,bon_orig2_r1
/work/T-REX/external/Proteina-Complexa/inference/search_binder_local_pipeline_32_PDL1_ALPHA_REPACK_v7_r002_cand_v7r002_hyp_0002_00_001_a9a82d1587b79/job_0_n_230_id_2_bon_orig2_r2/job_0_n_230_id_2_bon_orig2_r2.pdb,10,"2,0,13,16,19,16,19,14,11,3,10,18,19,19,6,18,7,15,2,12,16,9,6,4,11,13,14,19,6,11,5,10,3,10,0,0,10,9,19,18,17,6,12,6,3,11,2,9,9,5,13,19,8,7,6,6,3,10,11,19,5,8,15,15,18,1,5,1,0,1,10,10,11,3,5,10,15,10,7,2,0,0,10,5,9,16,3,19,11,10,5,3,0,7,19,18,1,4,12,9,15,18,7,7,0,3,18,11,1,9,16,19,11,19,2,0,13,16,19,16,19,14,11,3,10,18,19,19,6,18,7,15,2,12,16,9,6,4,11,13,14,19,6,11,5,10,3,10,0,0,10,9,19,18,17,6,12,6,3,11,2,9,9,5,13,19,8,7,6,6,3,10,11,19,5,8,15,15,18,1,5,1,0,1,10,10,11,3,5,10,15,10,7,2,0,0,10,5,9,16,3,19,11,10,5,3,0,7,19,18,1,4,12,9,15,18,7,7,0,3,18,11,1,9,16,19,11,19,2,0,0,0,0,0,0,0",-0.5200968,0.044648103,0.012817118,0.012817118,0.044648103,1.2662113,1.2662113,196.03264,196.03264,0.00163156,0.00163156,44.173725,44.173725,0.0,3.857338,3.857338,0.5200968,0.5200968,0.25851884,-0.5200968,0.045377556,0.013050515,0.013050515,0.045377556,0.28730595,0.28730595,0.04391865,0.012583722,0.012583722,0.04391865,0.0,0.3070472,0.3070472,0.13651885,0.86348116,0.58521605,3.0,1.7420833,1.7420833,0.0,0.0,1.0,1.0,1.0,final,bon_orig2_r2
/work/T-REX/external/Proteina-Complexa/inference/search_binder_local_pipeline_32_PDL1_ALPHA_REPACK_v7_r002_cand_v7r002_hyp_0002_00_001_a9a82d1587b79/job_0_n_230_id_3_bon_orig2_r3/job_0_n_230_id_3_bon_orig2_r3.pdb,11,"2,0,13,16,19,16,19,14,11,3,10,18,19,19,6,18,7,15,2,12,16,9,6,4,11,13,14,19,6,11,5,10,3,10,0,0,10,9,19,18,17,6,12,6,3,11,2,9,9,5,13,19,8,7,6,6,3,10,11,19,5,8,15,15,18,1,5,1,0,1,10,10,11,3,5,10,15,10,7,2,0,0,10,5,9,16,3,19,11,10,5,3,0,7,19,18,1,4,12,9,15,18,7,7,0,3,18,11,1,9,16,19,11,19,2,0,0,13,16,19,16,19,14,11,3,10,18,19,19,6,18,7,15,2,12,16,9,6,4,11,13,14,19,6,11,5,10,3,10,0,0,10,9,19,18,17,6,12,6,3,11,2,9,9,5,13,19,8,7,6,6,3,10,11,19,5,8,15,15,18,1,5,1,0,1,10,10,11,3,5,10,15,10,7,2,0,0,10,5,9,16,3,19,11,10,5,3,0,7,19,18,1,4,12,9,15,18,7,7,0,3,18,11,1,9,16,19,11,19,2,0,0,0,0,0,0",-0.5189346,0.049061213,0.012777066,0.012777066,0.049061213,1.2704052,1.2704052,199.17009,199.17009,0.001806107,0.001806107,58.000008,58.000008,0.0,3.8488417,3.8488417,0.5189346,0.5189346,0.26543358,-0.5189346,0.05142359,0.01309652,0.01309652,0.05142359,0.28906775,0.28906775,0.046698835,0.012457611,0.012457611,0.046698835,0.0,0.3066814,0.3066814,0.13815719,0.8618428,0.5887462,3.0,2.7187142,2.7187142,0.0,0.0,1.0,1.0,1.0,final,bon_orig2_r3
/work/T-REX/external/Proteina-Complexa/inference/search_binder_local_pipeline_32_PDL1_ALPHA_REPACK_v7_r002_cand_v7r002_hyp_0002_00_001_a9a82d1587b79/job_0_n_214_id_0_bon_orig3_r0/job_0_n_214_id_0_bon_orig3_r0.pdb,12,"2,0,13,16,19,16,19,14,11,3,10,18,19,19,6,18,7,15,2,12,16,9,6,4,11,13,14,19,6,11,5,10,3,10,0,0,10,9,19,18,17,6,12,6,3,11,2,9,9,5,13,19,8,7,6,6,3,10,11,19,5,8,15,15,18,1,5,1,0,1,10,10,11,3,5,10,15,10,7,2,0,0,10,5,9,16,3,19,11,10,5,3,0,7,19,18,1,4,12,9,15,18,7,7,0,3,18,11,1,9,16,19,11,19,2,0,14,19,13,16,19,6,14,11,3,10,15,19,16,6,7,0,16,0,16,13,6,4,11,0,15,7,3,14,2,14,9,9,19,17,6,11,2,7,6,11,19,19,13,15,3,1,13,5,19,3,10,15,5,10,15,11,7,2,7,16,10,16,9,16,7,19,11,10,15,3,15,7,9,18,1,4,0,0,19,2,7,7,15,8,16,9,18,15,15,7,0,11,10,16,19,10,0,14,0,0,0,0,0,0,0,0,0,0,0,0,0,0,0,0,0,0,0,0,0,0",-0.6797578,0.0055402433,0.0,0.0,0.0055402433,2.0063293,2.0063293,289.2372,289.2372,0.007612607,0.007612607,143.1204,143.1204,0.0,4.4062285,4.4062285,0.6797578,0.6797578,0.17002976,-0.6797578,0.0058800667,0.0,0.0,0.0058800667,0.44380155,0.44380155,0.0052004196,0.0,0.0,0.0052004196,0.0,0.46095052,0.46095052,0.30161524,0.69838476,0.5667894,3.0,25.585587,25.585587,0.0,0.0,1.0,1.0,1.0,final,bon_orig3_r0
/work/T-REX/external/Proteina-Complexa/inference/search_binder_local_pipeline_32_PDL1_ALPHA_REPACK_v7_r002_cand_v7r002_hyp_0002_00_001_a9a82d1587b79/job_0_n_214_id_1_bon_orig3_r1/job_0_n_214_id_1_bon_orig3_r1.pdb,13,"2,0,13,16,19,16,19,14,11,3,10,18,19,19,6,18,7,15,2,12,16,9,6,4,11,13,14,19,6,11,5,10,3,10,0,0,10,9,19,18,17,6,12,6,3,11,2,9,9,5,13,19,8,7,6,6,3,10,11,19,5,8,15,15,18,1,5,1,0,1,10,10,11,3,5,10,15,10,7,2,0,0,10,5,9,16,3,19,11,10,5,3,0,7,19,18,1,4,12,9,15,18,7,7,0,3,18,11,1,9,16,19,11,19,2,0,10,6,19,16,5,14,3,15,19,15,19,6,0,7,7,16,0,16,10,15,4,19,0,15,11,14,10,15,6,14,13,15,19,19,17,11,1,2,1,6,14,19,3,10,15,3,14,1,13,5,10,10,10,11,6,3,1,11,3,10,15,10,5,9,1,2,0,1,19,6,3,15,7,10,18,6,4,10,19,7,3,9,11,18,7,10,0,19,15,0,7,16,5,10,16,19,16,0,0,0,0,0,0,0,0,0,0,0,0,0,0,0,0,0,0,0,0,0,0,0",-0.54136145,0.034563452,0.012158177,0.012158177,0.034563452,1.6671276,1.6671276,218.0066,218.0066,0.002609711,0.002609711,116.628174,116.628174,0.0,3.9658244,3.9658244,0.54136145,0.54136145,0.2597556,-0.54136145,0.040785983,0.013100145,0.013100145,0.040785983,0.31465602,0.31465602,0.028340917,0.011216208,0.011216208,0.028340917,0.0,0.34888428,0.34888428,0.18324903,0.816751,0.6052217,3.0,10.992373,10.992373,0.0,0.0,1.0,1.0,1.0,final,bon_orig3_r1
/work/T-REX/external/Proteina-Complexa/inference/search_binder_local_pipeline_32_PDL1_ALPHA_REPACK_v7_r002_cand_v7r002_hyp_0002_00_001_a9a82d1587b79/job_0_n_214_id_2_bon_orig3_r2/job_0_n_214_id_2_bon_orig3_r2.pdb,14,"2,0,13,16,19,16,19,14,11,3,10,18,19,19,6,18,7,15,2,12,16,9,6,4,11,13,14,19,6,11,5,10,3,10,0,0,10,9,19,18,17,6,12,6,3,11,2,9,9,5,13,19,8,7,6,6,3,10,11,19,5,8,15,15,18,1,5,1,0,1,10,10,11,3,5,10,15,10,7,2,0,0,10,5,9,16,3,19,11,10,5,3,0,7,19,18,1,4,12,9,15,18,7,7,0,3,18,11,1,9,16,19,11,19,2,0,9,18,11,19,16,13,3,11,11,15,18,16,19,15,6,7,15,15,19,16,10,16,4,15,18,2,15,16,6,14,19,3,1,19,6,17,19,11,6,6,2,7,11,10,19,10,10,16,7,14,1,18,11,19,16,16,3,11,7,11,15,15,10,16,9,15,2,16,11,14,15,3,15,7,16,18,18,4,1,19,18,15,7,15,8,18,13,10,15,3,7,0,6,10,16,19,16,15,0,0,0,0,0,0,0,0,0,0,0,0,0,0,0,0,0,0,0,0,0,0",-0.74637413,0.0,0.0,0.0,0.0,1.5532056,1.5532056,229.41318,229.41318,0.0032961192,0.0032961192,120.348114,120.348114,0.0,4.757656,4.757656,0.74637413,0.74637413,0.11893943,-0.74637413,0.0,0.0,0.0,0.0,0.49474972,0.49474972,0.0,0.0,0.0,0.0,0.0,0.46124977,0.46124977,0.17874993,0.8212501,0.5397792,3.0,7.436562,7.436562,0.0,0.0,1.0,1.0,1.0,final,bon_orig3_r2
/work/T-REX/external/Proteina-Complexa/inference/search_binder_local_pipeline_32_PDL1_ALPHA_REPACK_v7_r002_cand_v7r002_hyp_0002_00_001_a9a82d1587b79/job_0_n_214_id_3_bon_orig3_r3/job_0_n_214_id_3_bon_orig3_r3.pdb,15,"2,0,13,16,19,16,19,14,11,3,10,18,19,19,6,18,7,15,2,12,16,9,6,4,11,13,14,19,6,11,5,10,3,10,0,0,10,9,19,18,17,6,12,6,3,11,2,9,9,5,13,19,8,7,6,6,3,10,11,19,5,8,15,15,18,1,5,1,0,1,10,10,11,3,5,10,15,10,7,2,0,0,10,5,9,16,3,19,11,10,5,3,0,7,19,18,1,4,12,9,15,18,7,7,0,3,18,11,1,9,16,19,11,19,2,0,14,19,19,2,5,14,11,15,15,18,15,0,16,0,7,15,16,19,16,10,6,4,5,0,15,7,2,14,11,14,11,9,16,17,5,11,10,19,2,7,6,17,5,3,9,3,10,11,15,15,7,7,1,13,11,19,10,15,15,2,18,15,10,5,9,15,3,10,5,14,6,3,15,7,19,18,1,4,10,0,19,2,15,19,7,10,3,13,15,3,7,0,16,10,15,19,15,0,0,0,0,0,0,0,0,0,0,0,0,0,0,0,0,0,0,0,0,0,0,0",-0.60933286,0.010754692,0.011395724,0.011395724,0.010754692,1.5304904,1.5304904,193.62093,193.62093,0.0035275116,0.0035275116,87.7005,87.7005,0.0,4.2379208,4.2379208,0.60933286,0.60933286,0.19728433,-0.60933286,0.014050976,0.01151617,0.01151617,0.014050976,0.31382135,0.31382135,0.007458409,0.0112752775,0.0112752775,0.007458409,0.0,0.38327286,0.38327286,0.17902055,0.8209795,0.5779945,3.0,7.9234676,7.9234676,0.0,0.0,1.0,1.0,1.0,final,bon_orig3_r3
